emb_size_tpdn,final_loss
4,0.09816327691078186
8,0.09478583186864853
16,0.1018502339720726
32,0.09989871084690094
64,0.09274260699748993
128,0.1041702926158905
