emb_size_tpdn,final_loss
4,0.03647375479340553
8,0.012816391885280609
16,0.012842868454754353
32,0.011803008615970612
64,0.012066271156072617
