emb_size_tpdn,final_loss
4,0.09607787430286407
8,0.08735784143209457
16,0.09653687477111816
32,0.09857650101184845
64,0.09961427003145218
