emb_size_tpdn,final_loss
4,0.09766347706317902
8,0.09695213288068771
16,0.09897468984127045
32,0.0957736223936081
64,0.09273440390825272
