emb_size_tpdn,final_loss
4,0.04994121938943863
8,0.013698786497116089
16,0.008603455498814583
32,0.008769514039158821
64,0.009036989882588387
